{"Loss_G": -0.23755067586898804, "_timestamp": 1647111426, "_runtime": 131, "Loss_S": 0.04768337681889534, "_step": 1, "_wandb": {"runtime": 134}}