{"Loss_S": 0.23883850499987602, "_timestamp": 1646588838, "_runtime": 12, "Loss_G": -0.04746730998158455, "_step": 1, "_wandb": {"runtime": 12}}