{"Loss_S": 0.23883850499987602, "_timestamp": 1646589296, "_runtime": 11, "Loss_G": -0.04746730998158455, "_step": 1, "_wandb": {"runtime": 13}}